email,Gender,Age,Academic Pressure,Work Pressure,Sleep Duration,Have you ever had suicidal thoughts ?,Work/Study Hours,Financial Stress,Social Activity Level,Physical Activity Level,Screen Time per Day (hrs),Mood Swings Frequency,Panic Attacks Experience,Concentration Level,Intrusive Thoughts,Traumatic Experience History,BDI_Score,GAD7_Score,PANSS_Score,MDQ_Score,YBOCS_Score,ASRS_Score,PCL5_Score,DES2_Score,Anxiety Disorders,Bipolar Disorder,Dissociative Disorders,ADHD,PTSD,Schizophrenia,OCD,Depression
hi@123.com,Female,30,5,5,9.0,0,1.0,5,2,1,10.0,4,1,4,0,1,7.583987,8.193396,2.4039156,6.0556216,2.1926694,7.754314,3.577304,4.5685997,1.0,0.0,1.0,1.0,0.0,0.0,0.0,0.0
veeissmart@gmail.com,Female,21,4,3,5.1,No,2.0,4,2,0,2.0,2,No,3,No,No,5.4758405685424805,4.844586372375488,0.7571228742599487,3.87160325050354,1.8236002922058105,4.466900825500488,2.697709798812866,2.190924644470215,0.0,0.0,0.0,0.0,0.0,0.0,0.0,0.0
sanjana@gmail.com,Female,20,5,4,8.0,No,1.0,3,3,0,10.0,5,No,3,No,No,9.726961135864258,11.701567649841309,6.441677093505859,5.554347515106201,3.8637983798980713,10.070889472961426,1.8342267274856567,6.554042339324951,0.0,0.0,1.0,1.0,1.0,1.0,1.0,0.0
itsme@user.com,Female,30,2,1,10.0,No,4.0,3,5,3,5.0,3,No,2,No,No,7.524532318115234,8.386612892150879,3.2810769081115723,3.208178997039795,2.506998062133789,7.706002712249756,1.4477870464324951,4.388160705566406,0.0,1.0,1.0,1.0,1.0,0.0,1.0,1.0
jesov43039@numerobo.com,Male,31,2,3,9.0,No,2.0,4,2,3,1.0,3,No,2,No,No,8.049853324890137,10.254989624023438,3.187419891357422,3.2412302494049072,2.702650785446167,6.717658519744873,1.549155354499817,5.097111701965332,1.0,1.0,1.0,0.0,1.0,0.0,0.0,0.0
