email,Gender,Age,Academic Pressure,Work Pressure,Sleep Duration,Have you ever had suicidal thoughts ?,Work/Study Hours,Financial Stress,Social Activity Level,Physical Activity Level,Screen Time per Day (hrs),Mood Swings Frequency,Panic Attacks Experience,Concentration Level,Intrusive Thoughts,Traumatic Experience History,BDI_Score,GAD7_Score,PANSS_Score,MDQ_Score,YBOCS_Score,ASRS_Score,PCL5_Score,DES2_Score,Anxiety Disorders,Bipolar Disorder,Dissociative Disorders,ADHD,PTSD,Schizophrenia,OCD,Depression
hi@123.com,Female,30,5,5,9.0,0,1.0,5,2,1,10.0,4,1,4,0,1,7.583987,8.193396,2.4039156,6.0556216,2.1926694,7.754314,3.577304,4.5685997,1.0,0.0,1.0,1.0,0.0,0.0,0.0,0.0
veeissmart@gmail.com,Female,21,4,3,5.0,No,2.0,2,2,2,2.0,5,No,4,No,No,7.797939777374268,6.320581912994385,4.99841833114624,6.5236358642578125,2.564074993133545,5.676403045654297,1.0457640886306765,6.325901031494141,0.0,1.0,1.0,0.0,1.0,1.0,0.0,0.0
sanjana@gmail.com,Female,20,5,4,8.0,No,1.0,3,3,0,10.0,5,No,3,No,No,9.726961135864258,11.701567649841309,6.441677093505859,5.554347515106201,3.8637983798980713,10.070889472961426,1.8342267274856567,6.554042339324951,0.0,0.0,1.0,1.0,1.0,1.0,1.0,0.0
itsme@user.com,Male,30,4,1,10.0,No,4.0,3,5,3,5.0,2,Yes,2,No,Yes,8.111148834228516,11.769794464111328,3.795481204986572,2.838907241821289,3.0545904636383057,6.87265682220459,2.2729949951171875,3.900514125823975,1.0,1.0,1.0,0.0,1.0,0.0,0.0,0.0
jesov43039@numerobo.com,Male,31,2,3,9.0,No,2.0,4,2,3,1.0,3,No,2,No,No,8.049853324890137,10.254989624023438,3.187419891357422,3.2412302494049072,2.702650785446167,6.717658519744873,1.549155354499817,5.097111701965332,1.0,1.0,1.0,0.0,1.0,0.0,0.0,0.0
